,mission_id,geometry
0,ap067165,POINT (114.033526 22.207958)
1,ap067221,POINT (114.18048 22.43938)
2,ap067246,POINT (114.251022 22.266647)
3,ap066843,POINT (108.771816 15.115474)
4,ap067174,POINT (114.04841 22.33782)
5,ap066819,POINT (108.146303 22.840149)
6,ap067151,POINT (113.98862 22.21343)
7,ap066891,POINT (109.725998 19.697201)
8,ap067148,POINT (113.975226 22.407091)
9,ap067044,POINT (112.96416 23.31635)
10,ap067051,POINT (113.07 23.0833)
11,ap067131,POINT (113.89526 22.53444)
12,ap067230,POINT (114.21176 22.51143)
13,ap067169,POINT (114.03873 22.288128)
14,ap067260,POINT (114.30572 22.43555)
15,ap067130,POINT (113.89421 22.53277)
16,ap067544,POINT (116.5033 23.552)
17,ap066874,POINT (109.41793 18.30163)
18,ap067172,POINT (114.04213 22.248)
19,ap067074,POINT (113.38264 22.52316)
20,ap067135,POINT (113.908782 22.41326)
21,ap067152,POINT (113.993546 22.194483)
22,ap066846,POINT (108.83202 18.49391)
23,ap067168,POINT (114.036466 22.290228)
24,ap067008,POINT (112.2664 16.9782)
25,ap067140,POINT (113.91729 22.378437)
26,ap067157,POINT (114.00631 22.31461)
27,ap067162,POINT (114.02147 22.27199)
28,ap066821,POINT (108.171997 22.608299)
29,ap067279,POINT (114.36306 22.47199)
30,ap067132,POINT (113.906604 22.406496)
31,ap066864,POINT (109.293999 21.5394)
32,ap067285,POINT (114.374564 22.411623)
33,ap067185,POINT (114.08172 22.56047)
34,ap067145,POINT (113.942868 22.559494)
35,ap066928,POINT (110.459 19.9349)
36,ap067133,POINT (113.908728 22.222866)
37,ap067235,POINT (114.21992 22.54461)
38,ap067144,POINT (113.9376 22.50869)
39,ap067243,POINT (114.249995 22.266425)
40,ap067194,POINT (114.1106 22.431)
41,ap067203,POINT (114.132499 22.206218)
42,ap067094,POINT (113.592003 22.149599)
43,ap067569,POINT (116.762001 23.426901)
44,ap067154,POINT (114.0011 22.23393)
45,ap067248,POINT (114.251371 22.26632)
46,ap067069,POINT (113.299004 23.392401)
47,ap066946,POINT (111.09331 23.40316)
48,ap066908,POINT (110.120833 22.438056)
49,ap067182,POINT (114.080002 22.4366)
50,ap067124,POINT (113.85985 22.25465)
51,ap067201,POINT (114.126577 22.537957)
52,ap066974,POINT (111.608675 16.535115)
53,ap067153,POINT (113.99524 22.38884)
54,ap066818,POINT (108.143 16.096)
55,ap067173,POINT (114.045064 22.55887)
56,ap067226,POINT (114.19064 22.32463)
57,ap067247,POINT (114.25131 22.26556)
58,ap067207,POINT (114.146318 22.202177)
59,ap067147,POINT (113.95305 22.38947)
60,ap067197,POINT (114.11614 22.50086)
61,ap067092,POINT (113.582668 22.165493)
62,ap067105,POINT (113.717093 22.023542)
63,ap067196,POINT (114.11534 22.49456)
64,ap067127,POINT (113.88933 22.22028)
65,ap067178,POINT (114.06675 22.55955)
66,ap066900,POINT (109.987999 18.4944)
67,ap066869,POINT (109.37722 18.23191)
68,ap066919,POINT (110.358406 21.21469)
69,ap067282,POINT (114.36995 22.39835)
70,ap067308,POINT (114.599998 23.049999)
71,ap066923,POINT (110.37968 19.67521)
72,ap067005,POINT (112.102408 21.961895)
73,ap067229,POINT (114.19973 22.391)
74,ap067290,POINT (114.428353 22.547742)
75,ap067192,POINT (114.10873 22.224873)
76,ap067114,POINT (113.810997 22.639299)
77,ap066878,POINT (109.4812 18.1923)
78,ap066934,POINT (110.5632 19.140251)
79,ap067238,POINT (114.23462 22.46838)
80,ap067232,POINT (114.21418 22.41043)
81,ap066823,POINT (108.198997 16.0439)
82,ap066949,POINT (111.198893 15.782977)
83,ap067233,POINT (114.215286 22.219076)
84,ap066867,POINT (109.334 13.0496)
85,ap067278,POINT (114.36261 22.33125)
86,ap067239,POINT (114.236398 22.269411)
87,ap067073,POINT (113.375999 22.006399)
88,ap067086,POINT (113.546807 22.194657)
89,ap067262,POINT (114.30794 22.36649)
90,ap067072,POINT (113.369003 23.1647)
91,ap066827,POINT (108.252693 16.029341)
92,ap067312,POINT (114.62793 22.76941)
93,ap067166,POINT (114.03388 22.30885)
94,sp003252,POINT (113.866667 22.466667)
95,sp003245,POINT (113.233333 23.116667)
96,ip001840,POINT (114.260659 22.166615)
97,ip001841,POINT (114.268008 22.27504)
98,ip001830,POINT (114.037927 22.283814)
99,ip001834,POINT (114.096085 22.341003)
100,ip001806,POINT (111.702808 16.452588)
101,ip001846,POINT (114.314615 22.352146)
102,ip001833,POINT (114.072337 22.282844)
103,ap066970,POINT (111.54725 7.5348)
104,ap066985,POINT (111.744572 7.875317)
105,ap066987,POINT (111.75218 7.70309)
106,ap067014,POINT (112.352639 8.930851)
107,ap067033,POINT (112.83202 8.864252)
108,ap067035,POINT (112.880071 9.539168)
109,ap067036,POINT (112.887697 9.551747)
110,ap067123,POINT (113.854429 10.022871)
111,ap067176,POINT (114.061933 10.913002)
112,ap067179,POINT (114.070648 10.923926)
113,ap067237,POINT (114.225583 10.205356)
114,ap067254,POINT (114.283905 11.051453)
115,ap067271,POINT (114.332163 11.429637)
116,ap067277,POINT (114.35567 11.45324)
117,ap067280,POINT (114.365637 10.377089)
118,ip001838,POINT (114.242292 10.17819)
119,ap073255,POINT (138.082993 9.49891)
120,ap074404,POINT (139.76037 32.46788)
121,ap074560,POINT (139.785995 33.115002)
122,ap074577,POINT (139.789993 10.0198)
123,ap075232,POINT (141.303611 24.762778)
124,ap075237,POINT (141.32261 24.784153)
125,ap075239,POINT (141.324612 24.793666)
126,ap075449,POINT (142.16715 26.63429)
127,ap075455,POINT (142.17954 26.62665)
128,ap075456,POINT (142.19062 27.0716)
129,ap075457,POINT (142.192032 27.090231)
130,ap075885,POINT (143.908005 7.37626)
131,ap076058,POINT (144.641971 13.438096)
132,ap076080,POINT (144.74103 13.474643)
133,ap076091,POINT (144.796005 13.4834)
134,ap076092,POINT (144.804993 13.4981)
135,ap076093,POINT (144.815983 13.475158)
136,ap076107,POINT (144.857358 13.624787)
137,ap076116,POINT (144.929998 13.584)
138,ap076184,POINT (145.242996 14.1743)
139,ap076245,POINT (145.619003 14.9992)
140,ap076248,POINT (145.627127 14.963692)
141,ap076249,POINT (145.629863 14.962748)
142,ap076250,POINT (145.631075 14.960012)
143,ap076251,POINT (145.6382 15.07242)
144,ap076257,POINT (145.701649 15.114978)
145,ap076264,POINT (145.724157 15.188155)
146,ap076265,POINT (145.72457 15.209759)
147,ap076268,POINT (145.729004 15.119)
148,ap076275,POINT (145.763347 18.12317)
149,ap076283,POINT (145.783005 15.25)
150,sp003632,POINT (138.133333 9.516667)
151,sp003715,POINT (144.616667 13.45)
152,sp003717,POINT (145.15 14.133333)
153,sp003724,POINT (145.616667 14.966667)
154,sp003725,POINT (145.683333 15.2)
155,ip002542,POINT (139.686271 33.126316)
156,ip002552,POINT (142.134985 27.676013)
157,ip002555,POINT (142.207629 27.117516)
158,ip002556,POINT (142.21123 27.492362)
159,ip002576,POINT (143.839998 7.373018)
160,ip002577,POINT (143.857814 7.374641)
161,ip002579,POINT (143.913031 7.372623)
162,ip002580,POINT (143.919128 7.354643)
163,ap065049,POINT (74.083753 33.76875)
164,ap065064,POINT (74.315201 33.377899)
165,ap065104,POINT (74.7742 33.987099)
166,ap065109,POINT (74.838152 32.688849)
167,ap065117,POINT (74.9757 33.876598)
168,ap065126,POINT (75.155709 32.902152)
169,ap065153,POINT (75.634444 32.233611)
170,ap065178,POINT (76.13505 34.5577)
171,ap065179,POINT (76.155899 34.5243)
172,ap065185,POINT (76.263018 32.164902)
173,ap065197,POINT (76.457747 32.921925)
174,ap065220,POINT (76.75675 31.345139)
175,ap065236,POINT (76.90241 34.31879)
176,ap065258,POINT (77.068001 31.0818)
177,ap065265,POINT (77.154404 31.876699)
178,ap065267,POINT (77.157015 31.111405)
179,ap065270,POINT (77.185811 34.211296)
180,ap065276,POINT (77.31903 34.19983)
181,ap065283,POINT (77.375801 34.652599)
182,ap065285,POINT (77.44237 31.33025)
183,ap065289,POINT (77.49121 31.3534)
184,ap065292,POINT (77.537205 34.129295)
185,ap065293,POINT (77.546501 34.135899)
186,ap065296,POINT (77.55919 31.3337)
187,ap065304,POINT (77.62826 31.41727)
188,ap065313,POINT (77.70754 31.4899)
189,ap065316,POINT (77.74465 33.91257)
190,ap065324,POINT (77.82194 33.82395)
191,ap065326,POINT (77.861524 30.706042)
192,ap065328,POINT (77.928965 35.396467)
193,ap065340,POINT (78.12866 33.47621)
194,ap065341,POINT (78.13719 34.06786)
195,ap065345,POINT (78.176651 30.189243)
196,ap065351,POINT (78.2723 31.5392)
197,ap065354,POINT (78.31326 33.36284)
198,ap065356,POINT (78.323164 30.582583)
199,ap065362,POINT (78.418908 33.966779)
200,ap065364,POINT (78.43633 31.6015)
201,ap065367,POINT (78.45075 30.57862)
202,ap065370,POINT (78.52398 33.85732)
203,ap065378,POINT (78.57191 31.75225)
204,ap065379,POINT (78.59328 31.96923)
205,ap065381,POINT (78.62787 31.8861)
206,ap065384,POINT (78.6417 33.193)
207,ap065386,POINT (78.67575 32.09448)
208,ap065393,POINT (78.72214 33.55493)
209,ap065394,POINT (78.72971 33.16913)
210,ap065405,POINT (78.98563 32.77295)
211,ap065409,POINT (79.07384 33.76843)
212,ap065414,POINT (79.161665 30.284585)
213,ap065418,POINT (79.213203 32.937401)
214,ap065432,POINT (79.45816 32.69531)
215,ap065433,POINT (79.473701 29.0334)
216,ap065481,POINT (80.053056 32.1)
217,ap065484,POINT (80.072168 32.496868)
218,ap065497,POINT (80.239197 29.593599)
219,ap065515,POINT (80.45084 33.65626)
220,ap065550,POINT (81.134033 30.3942)
221,ap065687,POINT (84.02739 32.30204)
222,ap065943,POINT (90.911951 29.298001)
223,ap065976,POINT (91.703814 27.724741)
224,ap065986,POINT (91.877439 27.588732)
225,ap065991,POINT (91.96402 28.0068)
226,ap066012,POINT (92.344444 28.4225)
227,ap066087,POINT (93.638792 26.96683)
228,ap066097,POINT (93.828102 27.588301)
229,ap066107,POINT (94.126139 28.602458)
230,ap066114,POINT (94.222801 27.9855)
231,ap066117,POINT (94.335297 29.303301)
232,ap066129,POINT (94.802002 28.175301)
233,ap066134,POINT (94.89863 28.98876)
234,ap066139,POINT (94.95583 28.31533)
235,ap066141,POINT (94.97873 29.13306)
236,ap066142,POINT (95.00239 28.20879)
237,ap066145,POINT (95.0196 28.6393)
238,ap066146,POINT (95.06795 28.53862)
239,ap066151,POINT (95.16765 29.24251)
240,ap066156,POINT (95.336952 28.064786)
241,ap066162,POINT (95.467098 27.195513)
242,ap066170,POINT (95.83937 28.14626)
243,ap066171,POINT (95.853884 27.676474)
244,ap066175,POINT (95.999887 27.803726)
245,ap066178,POINT (96.112883 27.300864)
246,ap066181,POINT (96.134399 27.9412)
247,ap066184,POINT (96.213954 27.492864)
248,ap066188,POINT (96.35382 27.88058)
249,ap066205,POINT (97.0037 27.1936)
250,ap066206,POINT (97.019661 28.129673)
251,ap070841,POINT (129.99353 49.09049)
252,ap071530,POINT (133.41152 44.28045)
253,ap071751,POINT (134.35668 47.41833)
254,ap070449,POINT (128.776993 50.77)
255,ap067877,POINT (119.407222 45.487222)
256,ap075335,POINT (141.69392 44.354)
257,ap070041,POINT (127.412003 50.4254)
258,ap072673,POINT (136.161458 57.642153)
259,ap067830,POINT (119.00104 50.34247)
260,ap067828,POINT (118.92798 50.01372)
261,ap067933,POINT (119.780331 59.05574)
262,ap067675,POINT (117.597742 59.900692)
263,ap067392,POINT (115.37272 50.28331)
264,ap070812,POINT (129.770996 62.0933)
265,ap070092,POINT (127.56631 50.11444)
266,ap071477,POINT (133.234103 47.736986)
267,ap067533,POINT (116.383003 50.599998)
268,ap069003,POINT (125.4743 53.13513)
269,ap068889,POINT (124.550178 44.938114)
270,ap071425,POINT (133.048811 48.583557)
271,ap070869,POINT (130.26974 46.79304)
272,ap067940,POINT (119.824997 49.205002)
273,ap071854,POINT (134.88777 48.4793)
274,ap067891,POINT (119.48523 50.91762)
275,ap067969,POINT (119.99808 51.5632)
276,ap073029,POINT (137.080994 50.605598)
277,ap075609,POINT (142.717466 46.885461)
278,ap071443,POINT (133.089694 59.631249)
279,ap071752,POINT (134.36298 48.197219)
280,ap067792,POINT (118.644602 63.9622)
281,ap067768,POINT (118.370003 51.547001)
282,ap071311,POINT (132.545289 44.32239)
283,ap075644,POINT (142.869995 46.709801)
284,ap071378,POINT (132.8781 48.04054)
285,ap073208,POINT (137.89901 46.09133)
286,ap075201,POINT (141.186005 45.242001)
287,ap068915,POINT (124.720222 52.224444)
288,ap069224,POINT (126.521812 45.670924)
289,ap075819,POINT (143.544855 44.054456)
290,ap067293,POINT (114.45262 50.34665)
291,ap071189,POINT (131.951 47.78344)
292,ap067436,POINT (115.74772 49.89546)
293,ap072762,POINT (136.473999 52.439999)
294,ap068819,POINT (123.846388 63.852094)
295,ap075366,POINT (141.806 53.247101)
296,ap071222,POINT (132.21401 44.01545)
297,ap073045,POINT (137.16077 45.41223)
298,ap068925,POINT (124.77901 55.284936)
299,ap067988,POINT (120.09881 51.69133)
300,ap075187,POINT (141.14855 45.16183)
301,ap071657,POINT (133.962878 52.252622)
302,ap067531,POINT (116.347 50.396702)
303,ap070005,POINT (127.33141 50.55466)
304,ap068853,POINT (124.17853 48.20117)
305,ap068961,POINT (125.138642 46.750883)
306,ap067332,POINT (114.84834 50.24435)
307,ap067677,POINT (117.62119 49.61007)
308,ap068880,POINT (124.43127 48.38745)
309,ap068694,POINT (122.422759 52.916871)
310,ap071898,POINT (135.146577 60.480888)
311,ap070000,POINT (127.31149 50.73505)
312,ap070023,POINT (127.36028 50.5374)
313,ap071191,POINT (131.97882 45.24521)
314,ap067663,POINT (117.44415 49.64465)
315,ap071065,POINT (131.13758 44.44387)
316,ap068828,POINT (123.917999 47.239601)
317,ap075432,POINT (142.082993 49.1903)
318,ap075431,POINT (142.0826 45.89781)
319,ap067958,POINT (119.9273 51.32797)
320,ap067397,POINT (115.432999 51.016701)
321,ap070793,POINT (129.613 50.6947)
322,ap071206,POINT (132.13077 47.57175)
323,ap071181,POINT (131.91988 59.169249)
324,ap075364,POINT (141.800995 45.404202)
325,ap067542,POINT (116.4814 50.361383)
326,ap068826,POINT (123.9131 53.48339)
327,ap069172,POINT (126.320977 45.406874)
328,ap069997,POINT (127.308884 50.171621)
329,ap071320,POINT (132.569455 52.771507)
330,ap071532,POINT (133.413 44.261)
331,ap075620,POINT (142.768005 47.2617)
332,ap075325,POINT (141.654321 45.114106)
333,ap073115,POINT (137.512608 60.256935)
334,ap075260,POINT (141.400487 44.439286)
335,ap067895,POINT (119.504728 58.44634)
336,ap071736,POINT (134.27342 47.34019)
337,ap069510,POINT (126.91308 51.66368)
338,ap070476,POINT (128.9329 51.6603)
339,ap067545,POINT (116.513894 54.441672)
340,ap067730,POINT (118.03401 49.67748)
341,ap073250,POINT (138.0449 56.4321)
342,ap072718,POINT (136.292007 44.814999)
343,ap072884,POINT (136.854996 62.789001)
344,ap068065,POINT (120.471001 60.397499)
345,ap071147,POINT (131.67006 44.22531)
346,ap075400,POINT (141.92491 44.65801)
347,ap075659,POINT (142.928772 49.270554)
348,ap072798,POINT (136.5912 45.0825)
349,ap070238,POINT (128.072998 50.134998)
350,ap071763,POINT (134.434998 60.356998)
351,ap071893,POINT (135.14229 48.43709)
352,ap075650,POINT (142.882996 49.401699)
353,ap073448,POINT (138.657357 47.178201)
354,ap067707,POINT (117.83492 49.57363)
355,ap069129,POINT (126.128374 48.441037)
356,ap067381,POINT (115.242634 52.659388)
357,ap075415,POINT (142.00005 47.28947)
358,ap067315,POINT (114.646004 48.1357)
359,ap067769,POINT (118.37125 49.82489)
360,ap075023,POINT (140.649994 53.154999)
361,ap070466,POINT (128.8795 50.58205)
362,ap067911,POINT (119.63956 51.01742)
363,ap067926,POINT (119.7396 53.7421)
364,ap070072,POINT (127.50863 49.99182)
365,ap071221,POINT (132.21074 47.79227)
366,ap071159,POINT (131.800003 44.095001)
367,ap071842,POINT (134.82607 47.52135)
368,ap067736,POINT (118.061142 50.033108)
369,ap068650,POINT (122.008333 46.195333)
370,ap071372,POINT (132.84763 45.29021)
371,ap068855,POINT (124.187007 63.720041)
372,ap067965,POINT (119.96415 51.43523)
373,ap071190,POINT (131.96947 47.64927)
374,ap067330,POINT (114.825996 60.7206)
375,ap067242,POINT (114.242996 57.8661)
376,ap071739,POINT (134.28723 46.80673)
377,ap067546,POINT (116.532997 52)
378,ap068747,POINT (123.019722 45.505278)
379,ap068987,POINT (125.35989 48.30346)
380,ap075715,POINT (143.140783 51.782337)
381,ap069295,POINT (126.71333 48.65333)
382,ap067170,POINT (114.039001 62.534698)
383,ap071679,POINT (134.06924 47.45055)
384,ap070246,POINT (128.13968 49.55586)
385,ap072793,POINT (136.571033 49.444833)
386,ap069508,POINT (126.91011 48.91567)
387,ap070105,POINT (127.643331 51.985001)
388,ap067779,POINT (118.4958 49.91687)
389,ap068728,POINT (122.777 63.884998)
390,ap067644,POINT (117.33 49.566667)
391,ap075774,POINT (143.34743 44.36141)
392,ap068976,POINT (125.255277 63.561388)
393,ap071361,POINT (132.783005 48.400002)
394,ap067391,POINT (115.336039 49.194129)
395,ap067622,POINT (117.13872 60.133212)
396,ap067344,POINT (114.93 56.361668)
397,ap072809,POINT (136.634995 51.1717)
398,ap070909,POINT (130.464996 46.843399)
399,ap070281,POINT (128.28048 49.56721)
400,ap067953,POINT (119.9117 47.3106)
401,ap075691,POINT (143.056503 59.410065)
402,ap067881,POINT (119.43263 50.75547)
403,ap072987,POINT (136.934006 50.409)
404,ap071447,POINT (133.11317 46.22518)
405,ap069911,POINT (127.10455 50.94216)
406,ap070791,POINT (129.569 44.524101)
407,ap071929,POINT (135.188588 48.528338)
408,ap071733,POINT (134.262501 58.783536)
409,ap070724,POINT (129.2167 50.8133)
410,ap071891,POINT (135.12234 48.61991)
411,ap071301,POINT (132.51626 47.69104)
412,ap070776,POINT (129.47744 49.49901)
413,ap068567,POINT (121.53238 53.35122)
414,ap075647,POINT (142.879772 53.517656)
415,ap070227,POINT (128.01829 49.59708)
416,ap067616,POINT (117.12101 49.8294)
417,ap070027,POINT (127.37618 48.73158)
418,ap075476,POINT (142.2399 45.19299)
419,ap067806,POINT (118.75466 50.01502)
420,ap075157,POINT (141.04496 45.29635)
421,ap071743,POINT (134.29517 48.27817)
422,ap071338,POINT (132.65792 47.108248)
423,ap071816,POINT (134.67752 48.10894)
424,ap070218,POINT (127.989703 54.1745)
425,ap075579,POINT (142.61593 44.67145)
426,ap067907,POINT (119.61225 51.29243)
427,ap069888,POINT (127.09716 50.95001)
428,ap071399,POINT (132.941573 51.136162)
429,ap068443,POINT (121.06297 53.30544)
430,ap070143,POINT (127.77367 50.42953)
431,ap068994,POINT (125.408997 58.602798)
432,ap071157,POINT (131.788731 59.028719)
433,ap075788,POINT (143.404007 44.303902)
434,ap075356,POINT (141.75893 45.10043)
435,ap075611,POINT (142.724157 50.62999)
436,ap069289,POINT (126.700099 45.663982)
437,ap068593,POINT (121.60142 53.36375)
438,ap068847,POINT (124.07478 53.39781)
439,ap071827,POINT (134.73577 48.26643)
440,ap068984,POINT (125.337052 49.236372)
441,ap067753,POINT (118.26919 49.75409)
442,ap070223,POINT (128.009995 50.691002)
443,ap074877,POINT (140.272795 49.094615)
444,ap068530,POINT (121.387768 48.425954)
445,ap067863,POINT (119.28984 50.1982)
446,ap070415,POINT (128.662691 53.004403)
447,ap070944,POINT (130.64346 48.12698)
448,ap071404,POINT (132.951004 53.076099)
449,ap075624,POINT (142.812395 46.616726)
450,ap072034,POINT (135.411571 48.407329)
451,ap075619,POINT (142.761002 50.669201)
452,ap070242,POINT (128.098328 51.455002)
453,ap075700,POINT (143.07366 44.19714)
454,ap067510,POINT (116.217003 50.75)
455,ap071597,POINT (133.735822 45.877949)
456,ap070928,POINT (130.56593 48.70882)
457,ap071073,POINT (131.193 45.293)
458,ap075666,POINT (142.95714 49.11047)
459,ap071999,POINT (135.285995 54.695999)
460,ap071822,POINT (134.70968 47.60612)
461,ap067858,POINT (119.25723 50.5872)
462,ap069065,POINT (125.798094 53.472467)
463,ap070087,POINT (127.54579 49.88574)
464,ap071517,POINT (133.35684 48.10031)
465,ap071621,POINT (133.867996 44.083302)
466,ap068850,POINT (124.1175 50.371389)
467,ap068520,POINT (121.334896 59.460858)
468,ap069193,POINT (126.395244 44.002652)
469,ap069478,POINT (126.893536 45.259457)
470,ap075728,POINT (143.17048 52.506064)
471,ap070158,POINT (127.84425 54.6331)
472,ap067866,POINT (119.309163 59.498603)
473,ap069257,POINT (126.61309 48.62679)
474,ap075637,POINT (142.848413 49.755209)
475,ap070347,POINT (128.47338 50.8937)
476,ap071007,POINT (130.915318 52.495787)
477,ap067611,POINT (117.098999 50.223801)
478,ap075104,POINT (140.87415 53.08422)
479,ap073244,POINT (138.0313 61.1431)
480,ap069099,POINT (125.98141 52.78225)
481,ap067680,POINT (117.635002 62.185001)
482,ap071332,POINT (132.61892 47.92518)
483,ap071508,POINT (133.335 45.181713)
484,ap070462,POINT (128.8577 54.71275)
485,ap067167,POINT (114.034 53.6195)
486,ap071305,POINT (132.5275 57.451667)
487,ap067943,POINT (119.851098 59.978294)
488,ap068726,POINT (122.768662 47.865942)
489,ap070021,POINT (127.35997 50.64091)
490,ap071712,POINT (134.172 47.33582)
491,ap075453,POINT (142.174682 50.878037)
492,ap071303,POINT (132.52615 47.68483)
493,ap075155,POINT (141.039001 45.455002)
494,ap067590,POINT (116.939382 48.575585)
495,ap075323,POINT (141.648231 45.437919)
496,ap070846,POINT (130.009923 48.981741)
497,ap070339,POINT (128.455903 54.653452)
498,ap071334,POINT (132.62776 47.75486)
499,ap075817,POINT (143.53256 44.25999)
500,ap070437,POINT (128.720001 51.263302)
501,ap071484,POINT (133.24821 45.49753)
502,ap072032,POINT (135.40866 55.01798)
503,ap067755,POINT (118.269997 56.913334)
504,ap068843,POINT (124.04779 60.58802)
505,ap068217,POINT (120.919998 53.792)
506,ap067917,POINT (119.693685 49.164182)
507,ap067853,POINT (119.1884 50.09873)
508,ap068527,POINT (121.3825 50.700277)
509,ap071103,POINT (131.39497 47.6144)
510,ap069171,POINT (126.31416 51.58833)
511,ap071814,POINT (134.66683 47.88957)
512,ap075615,POINT (142.7426 50.19164)
513,ap070453,POINT (128.80769 49.54472)
514,ap070332,POINT (128.445007 51.169997)
515,ap071766,POINT (134.444191 57.731361)
516,ap071204,POINT (132.124 44.449)
517,ap069239,POINT (126.56647 51.85303)
518,ap067786,POINT (118.59136 49.9647)
519,ap073144,POINT (137.673568 45.84126)
520,ap069100,POINT (125.985031 63.689242)
521,ap068837,POINT (123.98836 53.45682)
522,ap069017,POINT (125.54296 63.371467)
523,ap072527,POINT (135.64066 47.75029)
524,ap074953,POINT (140.449378 52.381041)
525,ap068609,POINT (121.693336 63.756668)
526,ap075494,POINT (142.3015 60.1012)
527,ap071520,POINT (133.36596 44.20964)
528,ap071042,POINT (131.05795 47.67674)
529,ap071244,POINT (132.302213 50.871569)
530,ap072639,POINT (136.00023 44.45472)
531,ap069881,POINT (127.090972 53.687023)
532,ap069197,POINT (126.421423 44.829507)
533,ap069504,POINT (126.90684 51.20629)
534,ap072134,POINT (135.490005 44.558748)
535,ap075730,POINT (143.173004 63.243)
536,ap070427,POINT (128.69746 49.6168)
537,ap073113,POINT (137.503174 58.678982)
538,ap073779,POINT (139.49783 57.35506)
539,ap075639,POINT (142.859672 49.736042)
540,ap074898,POINT (140.32358 48.97784)
541,ap071979,POINT (135.223477 48.395946)
542,ap072005,POINT (135.308905 60.858792)
543,ap074774,POINT (140.035348 48.925067)
544,ap071083,POINT (131.259886 44.014649)
545,ap075240,POINT (141.327852 44.423999)
546,ap067762,POINT (118.336998 63.294998)
547,ap069058,POINT (125.77354 46.12779)
548,ap075538,POINT (142.451798 44.349287)
549,ap075613,POINT (142.72854 46.92211)
550,ap072724,POINT (136.300003 50.033298)
551,ap071541,POINT (133.46271 49.21613)
552,ap069221,POINT (126.512203 63.568351)
553,ap071382,POINT (132.885921 44.612076)
554,sp003707,POINT (143.35 44.35)
555,sp003693,POINT (142.05 47.05)
556,sp003694,POINT (142.066667 49.166667)
557,sp003696,POINT (142.133333 50.9)
558,sp003701,POINT (142.766667 46.616667)
559,sp003695,POINT (142.1 50.733333)
560,sp003704,POINT (143.2 59.366667)
561,sp003702,POINT (143 53.55)
562,sp003680,POINT (141.516667 52.216667)
563,sp003667,POINT (140.783333 51.466667)
564,sp003657,POINT (140.268056 48.973611)
565,sp003692,POINT (142.033333 49.083333)
566,sp003658,POINT (140.283333 49.083333)
567,sp003703,POINT (143.133333 49.216667)
568,sp003700,POINT (142.5 53.583333)
569,sp003688,POINT (141.866667 46.666667)
570,sp003697,POINT (142.133333 49.45)
571,sp003665,POINT (140.733333 53.133333)
572,sp003708,POINT (143.55 52.7)
573,ip002545,POINT (141.218767 46.249305)
574,ip002547,POINT (141.410806 44.436065)
575,ip002546,POINT (141.31584 44.425949)
576,ap004439,POINT (-118.54167 36.07365)
577,ap006117,POINT (-116.107035 35.143373)
578,ap003752,POINT (-119.995003 38.893902)
579,ap004866,POINT (-118.23636 34.054704)
580,ap003450,POINT (-120.744003 35.814999)
581,ap002859,POINT (-122.00925 39.29623)
582,ap001921,POINT (-123.265999 39.790199)
583,ap002517,POINT (-122.464996 48.520901)
584,ap002574,POINT (-122.383003 42.110199)
585,ap002673,POINT (-122.272003 41.263199)
586,ap001924,POINT (-123.259003 44.421902)
587,ap002470,POINT (-122.515229 45.764469)
588,ap004305,POINT (-118.856117 35.362732)
589,ap005609,POINT (-117.146004 34.0853)
590,ap003620,POINT (-120.36211 35.30181)
591,ap006718,POINT (-114.602305 33.604879)
592,ap002024,POINT (-123.087997 48.121799)
593,ap002611,POINT (-122.333837 47.606091)
594,ap003498,POINT (-120.633874 47.151669)
595,ap002430,POINT (-122.56224 45.47075)
596,ap003803,POINT (-119.851625 34.01888)
597,ap004777,POINT (-118.259556 34.046397)
598,ap004539,POINT (-118.431185 34.065877)
599,ap002014,POINT (-123.110915 48.088404)
600,ap002809,POINT (-122.0969 42.03567)
601,ap003331,POINT (-121.052821 37.708008)
602,ap002757,POINT (-122.17755 37.4346)
603,ap003130,POINT (-121.442001 37.688999)
604,ap003592,POINT (-120.42927 39.63915)
605,ap002313,POINT (-122.71525 45.56286)
606,ap001780,POINT (-123.71239 38.93089)
607,ap000269,POINT (-158.22585 21.52936)
608,ap003529,POINT (-120.56011 46.3793)
609,ap005950,POINT (-116.473357 33.000601)
610,ap003499,POINT (-120.63161 48.91657)
611,ap001768,POINT (-123.78651 40.06638)
612,ap002492,POINT (-122.49875 37.49699)
613,ap005401,POINT (-117.414001 46.8587)
614,ap001765,POINT (-123.799621 39.431876)
615,ap006797,POINT (-114.431999 34.528805)
616,ap003344,POINT (-121.014999 37.9352)
617,ap002052,POINT (-123.05127 38.31283)
618,ap003544,POINT (-120.524002 44.2122)
619,ap005457,POINT (-117.321925 47.682899)
620,ap004528,POINT (-118.436871 34.060175)
621,ap002433,POINT (-122.558429 45.413976)
622,ap003245,POINT (-121.228996 45.145699)
623,ap002122,POINT (-122.955356 46.111395)
624,ap001925,POINT (-123.259003 44.839199)
625,ap002595,POINT (-122.347068 45.354759)
626,ap001744,POINT (-123.904999 46.016499)
627,ap004032,POINT (-119.40112 35.05323)
628,ap003677,POINT (-120.200996 44.749901)
629,ap002541,POINT (-122.431537 47.08663)
630,ap001794,POINT (-123.63596 40.9502)
631,ap002804,POINT (-122.105003 47.908199)
632,ap002128,POINT (-122.952003 44.046799)
633,ap005328,POINT (-117.560997 33.371399)
634,ap005111,POINT (-117.930799 33.625182)
635,ap003411,POINT (-120.83928 39.01816)
636,ap006484,POINT (-115.151615 32.832747)
637,ap004457,POINT (-118.4945 34.7722)
638,ap004764,POINT (-118.261583 34.046246)
639,ap002711,POINT (-122.228996 45.401798)
640,ap005340,POINT (-117.533997 47.6199)
641,ap004048,POINT (-119.371133 44.502474)
642,ap001930,POINT (-123.25147 44.18376)
643,ap004365,POINT (-118.689364 34.037484)
644,ap005384,POINT (-117.436321 34.54846)
645,ap003562,POINT (-120.487694 37.865086)
646,ap001961,POINT (-123.185449 39.627639)
647,ap005348,POINT (-117.50506 34.0874)
648,ap002653,POINT (-122.29749 37.54794)
649,ap004320,POINT (-118.833 35.256901)
650,ap001810,POINT (-123.541 46.799702)
651,ap002907,POINT (-121.929 37.45927)
652,ap003346,POINT (-121.006944 44.3125)
653,ap003328,POINT (-121.05529 38.9404)
654,ap005079,POINT (-117.980003 33.872002)
655,ap004802,POINT (-118.255854 34.052762)
656,ap000379,POINT (-156.57825 20.56013)
657,ap004656,POINT (-118.34671 35.11556)
658,ap004476,POINT (-118.46761 34.04355)
659,ap006501,POINT (-115.12672 33.26611)
660,ap002095,POINT (-123.003597 44.053657)
661,ap003735,POINT (-120.050268 41.309663)
662,ap004473,POINT (-118.46875 34.3834)
663,ap001682,POINT (-124.133003 40.553902)
664,ap002918,POINT (-121.900002 45.682599)
665,ap002493,POINT (-122.48971 46.32653)
666,ap002062,POINT (-123.035004 46.824799)
667,ap003600,POINT (-120.412003 38.034599)
668,ap002707,POINT (-122.234003 48.153326)
669,ap003860,POINT (-119.753998 36.737202)
670,ap004523,POINT (-118.439003 35.134998)
671,ap002109,POINT (-122.976997 44.999599)
672,ap000417,POINT (-155.682702 20.00479)
673,ap001721,POINT (-123.994141 44.986276)
674,ap006332,POINT (-115.518343 34.514054)
675,ap002966,POINT (-121.80715 36.64987)
676,ap003816,POINT (-119.824997 36.847698)
677,ap004203,POINT (-119.107002 37.958302)
678,ap005923,POINT (-116.535173 45.534184)
679,ap005219,POINT (-117.749464 34.076759)
680,ap003555,POINT (-120.50436 35.45286)
681,ap003675,POINT (-120.20636 34.47638)
682,ap001728,POINT (-123.936996 46.971199)
683,ap005446,POINT (-117.344002 47.887699)
684,ap006034,POINT (-116.292999 32.9501)
685,ap005054,POINT (-118.031778 33.683833)
686,ap004754,POINT (-118.262721 34.041382)
687,ap005120,POINT (-117.917 33.693901)
688,ap005740,POINT (-116.942296 32.646607)
689,ap005296,POINT (-117.62224 35.60272)
690,ap003302,POINT (-121.120239 44.638632)
691,ap000292,POINT (-157.955129 21.676988)
692,ap004038,POINT (-119.392998 36.318699)
693,ap005866,POINT (-116.675003 34.9617)
694,ap005637,POINT (-117.097355 32.720207)
695,ap003958,POINT (-119.547837 48.397229)
696,ap001918,POINT (-123.279999 45.802601)
697,ap001832,POINT (-123.471001 40.627602)
698,ap005224,POINT (-117.747002 44.4944)
699,ap003988,POINT (-119.48608 35.43212)
700,ap003360,POINT (-120.954002 37.625801)
701,ap005355,POINT (-117.48939 33.31945)
702,ap003402,POINT (-120.852997 47.177601)
703,ap005252,POINT (-117.692001 35.685398)
704,ap005434,POINT (-117.355003 33.3013)
705,ap004942,POINT (-118.1683 34.0508)
706,ap003155,POINT (-121.386479 36.834811)
707,ap002424,POINT (-122.571716 38.5783)
708,ap005974,POINT (-116.441002 33.081699)
709,ap003959,POINT (-119.54516 36.08346)
710,ap003905,POINT (-119.641789 36.27619)
711,ap002194,POINT (-122.880642 44.003619)
712,ap001627,POINT (-124.517998 42.857899)
713,ap002037,POINT (-123.070064 47.348572)
714,ap004229,POINT (-119.058998 34.761101)
715,ap004202,POINT (-119.107002 36.3988)
716,ap005051,POINT (-118.034529 36.52254)
717,ap006357,POINT (-115.457447 33.843954)
718,ap003481,POINT (-120.669215 38.19071)
719,ap006382,POINT (-115.356003 34.555)
720,ap000273,POINT (-158.1346 21.42541)
721,ap002997,POINT (-121.747002 38.615501)
722,ap003159,POINT (-121.373001 38.792099)
723,ap003847,POINT (-119.77428 35.12183)
724,ap003624,POINT (-120.35624 36.99194)
725,ap002745,POINT (-122.195999 37.921299)
726,ap005861,POINT (-116.68363 33.32242)
727,ap004168,POINT (-119.168999 46.826099)
728,ap003055,POINT (-121.591003 45.636799)
729,ap002754,POINT (-122.185997 47.9795)
730,ap004926,POINT (-118.185854 33.765904)
731,ap002208,POINT (-122.862 45.771)
732,ap004230,POINT (-119.056999 35.433601)
733,ap002724,POINT (-122.218002 39.516399)
734,ap002136,POINT (-122.946999 48.622299)
735,ap003262,POINT (-121.200996 44.094799)
736,ap002536,POINT (-122.438004 48.017502)
737,ap005936,POINT (-116.50254 34.79964)
738,ap001958,POINT (-123.188004 48.140598)
739,ap003534,POINT (-120.543999 46.568199)
740,ap000440,POINT (-155.25991 19.433268)
741,ap003310,POINT (-121.09947 44.22274)
742,ap003637,POINT (-120.32121 47.407198)
743,ap004189,POINT (-119.126242 44.2445)
744,ap004971,POINT (-118.144564 33.807906)
745,ap003574,POINT (-120.466722 42.183433)
746,ap000317,POINT (-157.713887 21.370833)
747,ap006322,POINT (-115.544586 32.959635)
748,ap003309,POINT (-121.102997 38.486801)
749,ap000383,POINT (-156.55753 20.58758)
750,ap002687,POINT (-122.259003 47.754799)
751,ap001895,POINT (-123.332357 42.447101)
752,ap003688,POINT (-120.176418 45.722683)
753,ap003192,POINT (-121.3117 37.59862)
754,ap001887,POINT (-123.356003 43.2388)
755,ap005808,POINT (-116.787003 34.853699)
756,ap004327,POINT (-118.82096 34.147162)
757,ap004577,POINT (-118.407997 33.942501)
758,ap003062,POINT (-121.57059 43.80311)
759,ap004161,POINT (-119.177189 46.521422)
760,ap002421,POINT (-122.577003 45.826801)
761,ap005503,POINT (-117.263611 47.833889)
762,ap006013,POINT (-116.3575 33.2345)
763,ap002714,POINT (-122.225998 48.042)
764,ap003406,POINT (-120.845001 45.8321)
765,ap004025,POINT (-119.412003 48.959)
766,ap000335,POINT (-157.258432 21.148991)
767,ap002085,POINT (-123.017998 48.472)
768,ap000285,POINT (-158.01358 21.48401)
769,ap003188,POINT (-121.316002 38.084099)
770,ap002117,POINT (-122.964996 46.619801)
771,ap003303,POINT (-121.119003 38.003502)
772,ap003441,POINT (-120.75828 38.93388)
773,ap003364,POINT (-120.946823 44.095813)
774,ap003486,POINT (-120.66515 41.52174)
775,ap004084,POINT (-119.313572 36.182556)
776,ap002769,POINT (-122.156749 37.024194)
777,ap001980,POINT (-123.155794 44.80224)
778,ap001860,POINT (-123.41327 48.115491)
779,ap005432,POINT (-117.359605 48.981822)
780,ap002149,POINT (-122.933 45.06)
781,ap004776,POINT (-118.25984 34.05008)
782,ap005006,POINT (-118.094434 33.73792)
783,ap002415,POINT (-122.581001 47.079201)
784,ap002892,POINT (-121.950996 38.355701)
785,ap002853,POINT (-122.0202 38.32528)
786,ap003359,POINT (-120.955002 44.784302)
787,ap003509,POINT (-120.613998 46.609001)
788,ap004849,POINT (-118.24702 34.04915)
789,ap005357,POINT (-117.48236 34.23455)
790,ap003210,POINT (-121.274985 46.0248)
791,ap004960,POINT (-118.15 34.03251)
792,ap002297,POINT (-122.734744 42.463021)
793,ap005686,POINT (-117.02037 34.91328)
794,ap005018,POINT (-118.080002 35.989899)
795,ap004347,POINT (-118.731966 46.281948)
796,ap002033,POINT (-123.075996 44.0471)
797,ap002344,POINT (-122.674849 45.516277)
798,ap004264,POINT (-118.965556 44.409444)
799,ap003742,POINT (-120.031828 36.710905)
800,ap004828,POINT (-118.252507 34.047468)
801,ap003595,POINT (-120.42155 34.9441)
802,ap002521,POINT (-122.45762 47.03198)
803,ap004280,POINT (-118.9179 34.1964)
804,ap004192,POINT (-119.12088 35.73647)
805,ap002893,POINT (-121.950933 39.341311)
806,ap003257,POINT (-121.208 38.067402)
807,ap004708,POINT (-118.289446 33.850971)
808,ap003672,POINT (-120.21575 37.00578)
809,ap001690,POINT (-124.094067 43.974783)
810,ap004755,POINT (-118.26271 34.05261)
811,ap002664,POINT (-122.283311 47.66189)
812,ap001757,POINT (-123.814003 45.418201)
813,ap002175,POINT (-122.903999 42.539001)
814,ap000293,POINT (-157.948333 21.335278)
815,ap005540,POINT (-117.2157 32.8738)
816,ap002093,POINT (-123.00542 45.06822)
817,ap002946,POINT (-121.850191 39.741952)
818,ap005151,POINT (-117.870677 34.133487)
819,ap005578,POINT (-117.16779 34.265462)
820,ap006910,POINT (-114.186996 34.308102)
821,ap003587,POINT (-120.445226 46.780093)
822,ap003154,POINT (-121.389 38.729099)
823,ap005176,POINT (-117.830002 35.658798)
824,ap004763,POINT (-118.261704 34.039611)
825,ap005483,POINT (-117.281059 47.724949)
826,ap004554,POINT (-118.41766 34.05949)
827,ap005611,POINT (-117.144291 32.725019)
828,ap004368,POINT (-118.682299 47.331446)
829,ap002255,POINT (-122.799937 46.964544)
830,ap003317,POINT (-121.074997 38.888)
831,ap002485,POINT (-122.50112 39.40638)
832,ap006868,POINT (-114.280815 34.394764)
833,ap002056,POINT (-123.045631 44.75549)
834,ap004342,POINT (-118.75178 45.59503)
835,ap003244,POINT (-121.229689 37.979353)
836,ap002837,POINT (-122.04829 38.26128)
837,ap001658,POINT (-124.232106 43.382939)
838,ap002866,POINT (-121.9981 40.51487)
839,ap003601,POINT (-120.41184 34.04328)
840,ap001846,POINT (-123.43394 43.10547)
841,ap002691,POINT (-122.256089 47.332883)
842,ap002217,POINT (-122.849998 44.773201)
843,ap002561,POINT (-122.401214 48.673152)
844,ap002634,POINT (-122.314202 39.677577)
845,ap003030,POINT (-121.651354 40.893609)
846,ap005140,POINT (-117.884003 34.905399)
847,ap006056,POINT (-116.251999 34.154202)
848,ap005137,POINT (-117.887824 48.347593)
849,ap003530,POINT (-120.554001 37.8596)
850,ap003666,POINT (-120.238323 36.247813)
851,ap003897,POINT (-119.6591 36.8386)
852,ap004188,POINT (-119.127998 35.5966)
853,ap001707,POINT (-124.04415 42.64028)
854,ap003938,POINT (-119.57978 36.87041)
855,ap002578,POINT (-122.37781 40.50081)
856,ap003152,POINT (-121.39154 38.63794)
857,ap003195,POINT (-121.304001 38.3344)
858,ap001733,POINT (-123.92865 40.71923)
859,ap000237,POINT (-159.338118 22.130698)
860,ap002315,POINT (-122.713561 42.466668)
861,ap003659,POINT (-120.25874 36.81383)
862,ap005736,POINT (-116.954883 34.873565)
863,ap005165,POINT (-117.847333 33.73072)
864,ap003126,POINT (-121.450996 38.551102)
865,ap005648,POINT (-117.080953 46.422447)
866,ap003957,POINT (-119.547997 47.314301)
867,ap001808,POINT (-123.549004 43.530701)
868,ap001711,POINT (-124.031998 46.519299)
869,ap002570,POINT (-122.390361 37.766614)
870,ap004697,POINT (-118.29759 33.7772)
871,ap003844,POINT (-119.78381 46.74329)
872,ap002733,POINT (-122.21 47.66)
873,ap005602,POINT (-117.151868 32.798675)
874,ap004596,POINT (-118.395211 33.916916)
875,ap004182,POINT (-119.137001 36.717701)
876,ap004090,POINT (-119.304001 46.305599)
877,ap004591,POINT (-118.397427 33.736903)
878,ap003413,POINT (-120.837997 44.312302)
879,ap003157,POINT (-121.379997 38.547699)
880,ap005784,POINT (-116.850672 33.922548)
881,ap002038,POINT (-123.06689 44.14517)
882,ap004085,POINT (-119.313374 37.11723)
883,ap003811,POINT (-119.839996 47.211601)
884,ap005635,POINT (-117.1002 32.65062)
885,ap002861,POINT (-122.005997 46.511501)
886,ap003096,POINT (-121.50509 38.51003)
887,ap005450,POINT (-117.328611 33.511111)
888,ap002770,POINT (-122.155998 47.898102)
889,ap005332,POINT (-117.55786 34.99831)
890,ap002974,POINT (-121.790001 36.935699)
891,ap002652,POINT (-122.29772 37.55874)
892,ap004412,POINT (-118.59672 34.18621)
893,ap000307,POINT (-157.84092 21.28232)
894,ap006147,POINT (-116.04788 33.10486)
895,ap001727,POINT (-123.93793 42.69372)
896,ap005642,POINT (-117.087997 44.8596)
897,ap002249,POINT (-122.810997 48.053799)
898,ap005066,POINT (-118.00591 33.7944)
899,ap003314,POINT (-121.082001 38.9548)
900,ap001665,POINT (-124.18942 41.93628)
901,ap002377,POINT (-122.637001 45.830299)
902,ap004318,POINT (-118.835612 34.24694)
903,ap001908,POINT (-123.303001 44.473499)
904,ap001851,POINT (-123.428001 43.0984)
905,ap003909,POINT (-119.63577 37.72308)
906,ap005119,POINT (-117.917 33.865002)
907,ap005323,POINT (-117.573997 47.1152)
908,ap004459,POINT (-118.49114 36.00557)
909,ap002700,POINT (-122.248001 47.439301)
910,ap002943,POINT (-121.857002 38.579102)
911,ap001672,POINT (-124.169917 40.126223)
912,ap005400,POINT (-117.414001 47.648201)
913,ap006095,POINT (-116.17518 35.53034)
914,ap005558,POINT (-117.193926 33.560365)
915,ap002358,POINT (-122.665001 45.336498)
916,ap004199,POINT (-119.11141 46.38131)
917,ap005998,POINT (-116.39023 33.81116)
918,ap003138,POINT (-121.42791 40.67636)
919,ap003928,POINT (-119.5915 35.9425)
920,ap004916,POINT (-118.18825 33.8026)
921,ap003100,POINT (-121.49484 38.91093)
922,ap004647,POINT (-118.36186 34.13832)
923,ap004260,POINT (-118.981 35.408)
924,ap001825,POINT (-123.48628 39.70267)
925,ap005028,POINT (-118.069804 33.915104)
926,ap005162,POINT (-117.849998 33.859699)
927,ap002935,POINT (-121.877998 41.742699)
928,ap003783,POINT (-119.904999 42.164902)
929,ap004446,POINT (-118.52302 34.21828)
930,ap001871,POINT (-123.389 41.790699)
931,ap004456,POINT (-118.49701 36.22401)
932,ap003729,POINT (-120.065002 34.6222)
933,ap001968,POINT (-123.18 48.101799)
934,ap005223,POINT (-117.7473 33.6539)
935,ap001896,POINT (-123.329269 45.065474)
936,ap002952,POINT (-121.843002 36.906101)
937,ap002811,POINT (-122.094002 39.352699)
938,ap002179,POINT (-122.901001 44.844799)
939,ap002793,POINT (-122.129578 47.584564)
940,ap003596,POINT (-120.41848 39.66152)
941,ap003248,POINT (-121.22211 45.586077)
942,ap004411,POINT (-118.5968 34.1877)
943,ap002969,POINT (-121.80128 37.96475)
944,ap003741,POINT (-120.03553 36.76124)
945,ap005687,POINT (-117.018276 34.894051)
946,ap003252,POINT (-121.21984 38.65688)
947,ap004605,POINT (-118.39093 33.97603)
948,ap005706,POINT (-116.998001 33.3106)
949,ap002912,POINT (-121.92127 38.92753)
950,ap004901,POINT (-118.199962 33.766653)
951,ap005646,POINT (-117.082001 32.683899)
952,ap003505,POINT (-120.622002 35.101398)
953,ap005493,POINT (-117.26904 42.94037)
954,ap002187,POINT (-122.891998 46.964001)
955,ap004205,POINT (-119.10283 46.33321)
956,ap000357,POINT (-156.913039 20.745933)
957,ap000389,POINT (-156.46555 20.81854)
958,ap004807,POINT (-118.25543 34.04985)
959,ap003696,POINT (-120.153 40.266201)
960,ap003174,POINT (-121.336998 36.871601)
961,ap003903,POINT (-119.64769 37.53131)
962,ap005426,POINT (-117.37088 35.66469)
963,ap005064,POINT (-118.007004 45.290199)
964,ap003488,POINT (-120.66457 47.77673)
965,ap004180,POINT (-119.142937 46.862659)
966,ap005202,POINT (-117.781998 34.091599)
967,ap002385,POINT (-122.62516 47.58205)
968,ap005874,POINT (-116.65255 33.66432)
969,ap005515,POINT (-117.247002 32.889702)
970,ap002840,POINT (-122.041449 37.912845)
971,ap006709,POINT (-114.61791 34.83223)
972,ap005641,POINT (-117.08825 43.70818)
973,ap004241,POINT (-119.01868 43.59126)
974,ap004086,POINT (-119.30959 36.79213)
975,sp000044,POINT (-160.233333 21.866667)
976,sp000047,POINT (-159.583333 21.9)
977,sp000050,POINT (-159.35 21.95)
978,sp000051,POINT (-159.333333 22)
979,sp000057,POINT (-158.116667 21.316667)
980,sp000059,POINT (-157.866667 21.3)
981,sp000067,POINT (-156.883333 21.05)
982,sp000070,POINT (-156.666667 20.866667)
983,sp000074,POINT (-155.983333 20.75)
984,sp000076,POINT (-155.933333 19.483333)
985,sp000077,POINT (-155.9 19.383333)
986,sp000078,POINT (-155.9 20.183333)
987,sp000079,POINT (-155.9 19.183333)
988,sp000082,POINT (-155.466667 20.1)
989,sp000219,POINT (-124.416667 43.116667)
990,sp000220,POINT (-124.366667 43.15)
991,sp000221,POINT (-124.3 48.266667)
992,sp000223,POINT (-124.216667 43.366667)
993,sp000225,POINT (-124.216667 40.716667)
994,sp000226,POINT (-124.2 41.75)
995,sp000227,POINT (-124.183333 43.683333)
996,sp000228,POINT (-124.183333 40.816667)
997,sp000229,POINT (-124.183333 40.8)
998,sp000234,POINT (-124.1 43.716667)
999,sp000235,POINT (-124.1 43.7)
1000,sp000238,POINT (-124.066667 43.983333)
1001,sp000239,POINT (-124.066667 44.433333)
1002,sp000240,POINT (-124.066667 44.8)
1003,sp000241,POINT (-124.05 44.633333)
1004,sp000242,POINT (-124.05 46.3)
1005,sp000243,POINT (-124.033333 46.5)
1006,sp000244,POINT (-123.933333 44.616667)
1007,sp000246,POINT (-123.916667 46.166667)
1008,sp000251,POINT (-123.816667 46.983333)
1009,sp000252,POINT (-123.783333 46.666667)
1010,sp000253,POINT (-123.75 46.683333)
1011,sp000255,POINT (-123.733333 46.683333)
1012,sp000262,POINT (-123.433333 48.116667)
1013,sp000264,POINT (-123.383333 46.133333)
1014,sp000272,POINT (-123.133333 47.416667)
1015,sp000274,POINT (-123.1 47.216667)
1016,sp000275,POINT (-123.05 38.333333)
1017,sp000276,POINT (-123.016667 48.533333)
1018,sp000277,POINT (-122.933333 46.133333)
1019,sp000278,POINT (-122.933333 48.6)
1020,sp000279,POINT (-122.933333 46.083333)
1021,sp000281,POINT (-122.9 47.05)
1022,sp000282,POINT (-122.9 48.45)
1023,sp000285,POINT (-122.85 46.016667)
1024,sp000286,POINT (-122.8 45.866667)
1025,sp000290,POINT (-122.75 49)
1026,sp000293,POINT (-122.75 48.116667)
1027,sp000294,POINT (-122.75 48.866667)
1028,sp000295,POINT (-122.7 47.65)
1029,sp000296,POINT (-122.683333 45.633333)
1030,sp000298,POINT (-122.666667 45.516667)
1031,sp000300,POINT (-122.65 47.566667)
1032,sp000301,POINT (-122.633333 47.533333)
1033,sp000302,POINT (-122.616667 48.516667)
1034,sp000303,POINT (-122.616667 47.7)
1035,sp000306,POINT (-122.516667 47.583333)
1036,sp000309,POINT (-122.5 47.616667)
1037,sp000310,POINT (-122.483333 37.85)
1038,sp000316,POINT (-122.4 45.583333)
1039,sp000319,POINT (-122.366667 37.916667)
1040,sp000322,POINT (-122.35 45.583333)
1041,sp000323,POINT (-122.333333 47.6)
1042,sp000325,POINT (-122.3 37.866667)
1043,sp000328,POINT (-122.266667 37.783333)
1044,sp000329,POINT (-122.266667 38.1)
1045,sp000331,POINT (-122.25 38.083333)
1046,sp000332,POINT (-122.216667 38.05)
1047,sp000333,POINT (-122.216667 48)
1048,sp000334,POINT (-122.2 37.016667)
1049,sp000335,POINT (-122.2 37.533333)
1050,sp000337,POINT (-122.15 38.05)
1051,sp000339,POINT (-122.016667 36.966667)
1052,sp000340,POINT (-121.883333 38.033333)
1053,sp000342,POINT (-121.8 38.016667)
1054,sp000343,POINT (-121.783333 36.8)
1055,sp000344,POINT (-121.7 38.15)
1056,sp000345,POINT (-121.6 38.166667)
1057,sp000346,POINT (-121.566667 38.333333)
1058,sp000347,POINT (-121.516667 38.233333)
1059,sp000348,POINT (-121.5 38.583333)
1060,sp000349,POINT (-121.3 37.95)
1061,sp000350,POINT (-121.183333 45.6)
1062,sp000351,POINT (-120.85 35.366667)
1063,sp000356,POINT (-119.916667 34.433333)
1064,sp000357,POINT (-119.683333 34.416667)
1065,sp000358,POINT (-119.683333 34.016667)
1066,sp000360,POINT (-119.283333 34.283333)
1067,sp000361,POINT (-119.2 34.15)
1068,sp000362,POINT (-118.55 33)
1069,sp000366,POINT (-118.25 33.75)
1070,sp000367,POINT (-118.183333 33.766667)
1071,sp000368,POINT (-117.9 33.616667)
1072,ip000140,POINT (-123.204025 48.673055)
1073,ip000141,POINT (-123.137324 48.641772)
1074,ip000142,POINT (-123.030756 48.700994)
1075,ip000143,POINT (-123.004817 37.697142)
1076,ip000144,POINT (-122.960918 48.573114)
1077,ip000145,POINT (-122.902622 48.753764)
1078,ip000146,POINT (-122.813058 48.508362)
1079,ip000147,POINT (-122.678511 48.618651)
1080,ip000148,POINT (-122.624168 48.552003)
1081,ip000149,POINT (-122.621515 48.699797)
1082,ip000150,POINT (-122.434351 37.861776)
1083,ip000151,POINT (-122.372261 37.822669)
1084,ip000152,POINT (-119.419102 34.010727)
1085,ip000153,POINT (-119.039145 33.478129)
1086,ap005953,POINT (-116.46828 34.53706)
1087,ap066091,POINT (93.696106 27.111675)
1088,ap066112,POINT (94.175499 26.731501)
1089,sp000231,POINT (-124.116667 43.966667)
1090,ap001693,POINT (-124.084999 43.866501)
1091,ap066950,POINT (111.200759 15.783767)
1092,ap067837,POINT (119.08071 50.34718)
1093,ap067518,POINT (116.260002 50.354)
1094,ap067189,POINT (114.100651 22.407686)
1095,ap067024,POINT (112.627998 37.746899)
1096,ap065860,POINT (88.085808 47.749886)
1097,ap066781,POINT (107.254987 29.659301)
1098,ap067646,POINT (117.346001 39.124401)
1099,ap065941,POINT (90.888053 40.467886)
1100,ap065924,POINT (90.247498 42.911701)
1101,ap066578,POINT (103.8444 30.4214)
1102,ap067038,POINT (112.89053 33.685434)
1103,ap067307,POINT (114.59166 37.91305)
1104,ip002056,POINT (122.239495 29.694641)
1105,ap067632,POINT (117.245665 34.229285)
1106,ap065764,POINT (86.131661 45.042755)
1107,ap066322,POINT (100.060317 29.31632)
1108,ap067535,POINT (116.41092 39.509945)
1109,ap067156,POINT (114.00622 22.2608)
1110,ap066252,POINT (98.5317 24.4011)
1111,sp003285,POINT (116.683333 23.366667)
1112,ap066939,POINT (110.641042 26.806123)
1113,ap066838,POINT (108.539085 41.460289)
1114,ap067628,POINT (117.176003 29.3386)
1115,ap067245,POINT (114.250733 22.266887)
1116,ap065729,POINT (85.465462 38.234516)
1117,ip001939,POINT (119.78574 26.618951)
1118,ap067781,POINT (118.527603 36.586635)
1119,ap067136,POINT (113.91086 22.16357)
1120,ap066926,POINT (110.452766 19.140951)
1121,ap066810,POINT (107.988 26.972)
1122,ap066460,POINT (101.882004 25.737499)
1123,ap066543,POINT (103.40847 24.2956)
1124,ap067488,POINT (116.079554 29.664823)
1125,ap067236,POINT (114.22318 22.34098)
1126,ap067180,POINT (114.076179 22.284033)
1127,ap067264,POINT (114.312 22.37066)
1128,ap068583,POINT (121.573997 29.9228)
1129,sp003319,POINT (118.983333 25.233333)
1130,ip002075,POINT (122.732225 39.0265)
1131,ap068564,POINT (121.5187 31.664)
1132,ap068672,POINT (122.199997 43.556702)
1133,ap067835,POINT (119.058889 39.666389)
1134,ap067059,POINT (113.18911 22.33594)
1135,ap066554,POINT (103.613477 29.732148)
1136,ap065836,POINT (87.423469 41.763301)
1137,ip002066,POINT (122.560433 30.663019)
1138,ap067487,POINT (116.078805 25.958108)
1139,ap066088,POINT (93.669197 42.8414)
1140,ap067195,POINT (114.114657 22.543201)
1141,ap068852,POINT (124.145162 39.948964)
1142,sp003370,POINT (121.55 29.883333)
1143,ap066207,POINT (97.036389 32.836389)
1144,ap067932,POINT (119.778999 31.919701)
1145,ip001843,POINT (114.291913 22.544886)
1146,ap067580,POINT (116.881289 40.401005)
1147,ap068760,POINT (123.299004 41.822498)
1148,ap066518,POINT (102.936743 25.110313)
1149,ap067214,POINT (114.161769 22.558024)
1150,ap066828,POINT (108.2658 34.275907)
1151,ap066840,POINT (108.672649 19.136827)
1152,ap066246,POINT (98.3414 39.856899)
1153,ap067160,POINT (114.0115 22.48616)
1154,ap068011,POINT (120.24343 29.12513)
1155,ap065458,POINT (79.864899 37.038502)
1156,ap066208,POINT (97.077148 42.308371)
1157,ap067317,POINT (114.696999 38.280701)
1158,ap066916,POINT (110.34 31.626)
1159,ap066304,POINT (99.784012 22.417733)
1160,sp003386,POINT (122.1 30)
1161,ap066622,POINT (104.34025 26.86444)
1162,ap067991,POINT (120.107388 30.504264)
1163,ap068835,POINT (123.982002 42.525799)
1164,ip001831,POINT (114.046651 22.259581)
1165,ap067446,POINT (115.83329 39.25469)
1166,ap066214,POINT (97.268658 37.125286)
1167,ap067284,POINT (114.37446 22.61466)
1168,ap066589,POINT (103.945966 30.558257)
1169,ap068044,POINT (120.374001 36.266102)
1170,ap068665,POINT (122.141361 41.269306)
1171,ap067199,POINT (114.12094 22.43316)
1172,ip002070,POINT (122.679788 30.198798)
1173,ap066914,POINT (110.249284 33.708533)
1174,ap068016,POINT (120.268279 36.983261)
1175,ap067075,POINT (113.39344 40.03942)
1176,ap066767,POINT (107.0007 27.5895)
1177,ap067057,POINT (113.142998 39.717499)
1178,ap065720,POINT (85.172099 46.885902)
1179,ap067868,POINT (119.318734 26.072323)
1180,ap068195,POINT (120.851997 27.912201)
1181,ap066876,POINT (109.46372 18.28754)
1182,ap067678,POINT (117.625833 36.000428)
1183,ip001816,POINT (113.21462 22.017067)
1184,ap066881,POINT (109.5218 28.4972)
1185,ap065891,POINT (89.075604 40.694827)
1186,ap066809,POINT (107.961667 25.4525)
1187,ap067184,POINT (114.08093 22.56011)
1188,ap066691,POINT (105.790014 33.789918)
1189,ap067212,POINT (114.15783 22.28157)
1190,ap066130,POINT (94.809196 40.161098)
1191,ap065143,POINT (75.553407 36.930618)
1192,ap068191,POINT (120.80954 37.80473)
1193,ap066371,POINT (100.675003 38.801899)
1194,ap067034,POINT (112.845404 25.753419)
1195,ip002071,POINT (122.68169 30.848433)
1196,ap067087,POINT (113.55936 22.196242)
1197,ap067213,POINT (114.15855 22.41201)
1198,ap066808,POINT (107.786003 30.679399)
1199,ap067222,POINT (114.18718 22.5399)
1200,ap066714,POINT (106.216944 36.078889)
1201,ap066882,POINT (109.544267 34.833345)
1202,ap066865,POINT (109.308889 27.883333)
1203,ip001782,POINT (108.159426 21.532981)
1204,ap066453,POINT (101.73872 30.142464)
1205,ap067639,POINT (117.29877 38.41903)
1206,sp003258,POINT (114.2 22.266667)
1207,ap066282,POINT (99.224 24.99874)
1208,ap067913,POINT (119.650912 30.601008)
1209,ap067149,POINT (113.976299 22.449334)
1210,ap067268,POINT (114.32785 22.44106)
1211,ap065905,POINT (89.4035 28.2845)
1212,ap068651,POINT (122.017998 39.450901)
1213,ap065713,POINT (84.9527 45.46655)
1214,ap065995,POINT (91.983751 31.414472)
1215,ap067345,POINT (114.93 40.738602)
1216,sp003249,POINT (113.5 23.05)
1217,ap065813,POINT (86.9959 48.2223)
1218,ap067043,POINT (112.957306 28.068522)
1219,ap066047,POINT (92.808098 43.077202)
1220,ap067300,POINT (114.51008 30.90205)
1221,sp003375,POINT (121.666667 38.916667)
1222,ap068723,POINT (122.666944 39.266667)
1223,ap067694,POINT (117.70708 39.028686)
1224,ip001845,POINT (114.309532 22.517479)
1225,ap067494,POINT (116.108002 40.503101)
1226,ap066850,POINT (108.931111 32.708056)
1227,ap068245,POINT (120.975998 32.070801)
1228,ap067177,POINT (114.062805 30.25521)
1229,ip002062,POINT (122.388502 30.004186)
1230,ap066555,POINT (103.620003 36.515202)
1231,ap065333,POINT (78.033335 36.343009)
1232,ap066857,POINT (109.120003 34.376701)
1233,ap066651,POINT (104.979 26.609417)
1234,ap066653,POINT (105.002346 36.628134)
1235,ap066785,POINT (107.4295 31.1302)
1236,ap066538,POINT (103.334 23.3953)
1237,ap067860,POINT (119.276626 26.093229)
1238,ap067324,POINT (114.778889 25.853333)
1239,ap065801,POINT (86.79289 44.01096)
1240,ap066369,POINT (100.645065 38.008068)
1241,sp003337,POINT (120.233333 31.916667)
1242,ap065892,POINT (89.0987 43.0308)
1243,ap066630,POINT (104.529397 30.677339)
1244,ap067706,POINT (117.8336 26.4263)
1245,ap067137,POINT (113.911774 30.95359)
1246,ap068009,POINT (120.240997 30.3353)
1247,ap065629,POINT (82.872917 41.677856)
1248,ap068060,POINT (120.434998 41.538101)
1249,ap066942,POINT (110.906296 32.592889)
1250,ap068205,POINT (120.878998 40.749199)
1251,ap067064,POINT (113.265999 23.1842)
1252,ap067537,POINT (116.43959 36.29659)
1253,ap066377,POINT (100.735001 25.445299)
1254,ap066231,POINT (97.81748 24.06732)
1255,ap065842,POINT (87.531177 43.466593)
1256,ip001877,POINT (116.945038 23.558639)
1257,ap068622,POINT (121.762195 39.289671)
1258,ap068733,POINT (122.853996 41.105301)
1259,ap067006,POINT (112.140112 32.389746)
1260,ap066932,POINT (110.49731 25.61666)
1261,sp003325,POINT (119.433333 32.216667)
1262,ap067121,POINT (113.849165 34.526497)
1263,ap065564,POINT (81.330299 43.955799)
1264,ap066901,POINT (109.997002 40.560001)
1265,ap067321,POINT (114.737 26.856899)
1266,ap068975,POINT (125.25333 43.73361)
1267,ap067850,POINT (119.17899 34.41406)
1268,ap065909,POINT (89.512006 46.804169)
1269,ap066718,POINT (106.33268 27.81638)
1270,ap067886,POINT (119.4504 24.99154)
1271,ap065702,POINT (84.720739 44.885235)
1272,ap066801,POINT (107.693664 29.465658)
1273,ip002044,POINT (122.039277 29.951866)
1274,ap066959,POINT (111.4404 30.671)
1275,ap067219,POINT (114.17433 22.30628)
1276,ap067723,POINT (117.9643 28.3797)
1277,ip001829,POINT (114.037442 22.252311)
1278,ap067638,POINT (117.29833 31.77999)
1279,ap067550,POINT (116.584999 40.080101)
1280,sp003224,POINT (109.45 18.316667)
1281,ap066930,POINT (110.473006 18.939119)
1282,ap067215,POINT (114.163195 22.558047)
1283,ap067597,POINT (116.97377 34.56423)
1284,ap066699,POINT (105.873333 26.260556)
1285,ap066889,POINT (109.704666 27.443087)
1286,ap067528,POINT (116.321388 40.149166)
1287,ap066557,POINT (103.642833 24.988192)
1288,ap066776,POINT (107.12865 34.38946)
1289,ip001847,POINT (114.324018 22.332678)
1290,ap066649,POINT (104.960804 25.083423)
1291,ap067217,POINT (114.1731 22.24053)
1292,sp003308,POINT (118.066667 24.45)
1293,ap067726,POINT (118.000999 27.7019)
